{"text": "\u6211\u60f3\u7ed9\u5988\u5988\u4e70\u4e00\u4e2a\u73cd\u73e0\u9879\u94fe", "segments": [{"id": 0, "seek": 0, "start": 0.0, "end": 3.0, "text": "\u6211\u60f3\u7ed9\u5988\u5988\u4e70\u4e00\u4e2a\u73cd\u73e0\u9879\u94fe", "tokens": [50364, 25246, 23197, 32462, 32462, 2930, 108, 20182, 8434, 235, 8434, 254, 10178, 117, 165, 241, 122, 50514], "temperature": 0.0, "avg_logprob": -0.34049616361919205, "compression_ratio": 0.8, "no_speech_prob": 0.06632489711046219}], "language": "Chinese"}